<?xml version="1.0" encoding="UTF-8" ?>
<install version="1.5" type="plugin" group="vmpayment" >
    <name>VM - Payment, Paytm</name>
    

    <files>
	<filename plugin="paytm">paytm.php</filename>
	
	</files>
	
	<media folder="images" destination="../images/stories/virtuemart/payment">
	<filename>paytm.jpg</filename>
    </media>
	
    <languages>
	<language tag="en-GB">en-GB.plg_vmpayment_paytm.ini</language>
    </languages>
    <params addpath="/administrator/components/com_virtuemart/elements">
	<param type="vmjpluginwarning" />
	<param type="spacer" default="VMPAYMENT_PAYTM_PAYMENT_TITLE" level="level1" />
	<param type="spacer" default="VMPAYMENT_PAYTM_PAYMENT_WARNING"   />

	<param type="spacer" default="" level="level1" />
	<param type="spacer" default="VMPAYMENT_PAYTM_PAYMENT_SETTINGS" level="level1" />
	
	<param	name="payment_logos" type="vmfiles" label="VMPAYMENT_PAYTM_LOGOS"
             	description="VMPAYMENT_PAYTM_LOGOS_DESC"
             	directory="/images/stories/virtuemart/payment"
             	default="default" hide_default="1" hide_none="1"
             	stripext="0"  exclude="^_" />

	<param type="spacer" default="" level="level1" />
	<param   type="spacer" default="VMPAYMENT_PAYTM_PARAMS" level="level1" />
	<param type="text" name="merchant_id"  size="60" label="PAYTM Merchant Id"/>
	<param type="text" name="secret_key"  size="60" label="PAYTM Secret Key"/>
	<param type="text" name="industry_type"  size="60" label="PAYTM Industry Type"/>
	<param type="text" name="website_name"  size="60" label="PAYTM Website Name"/>
	<param type="text" name="channel_id"  size="60" label="PAYTM Channel Id"/>
	<param name="mode" type="list" default="TEST" label="Mode">
	    <option value="0">TEST(Sandbox)</option>
	    <option value="1">LIVE</option>
	</param>
	<param name="log" type="radio" default="ON" label="Log params posting to Paytm">
		<option value="on">ON</option>
		<option value="off">OFF</option>
	</param>
	<param type="textarea" name="description" cols="5" rows="4"  label="Description"/>

	<param type="spacer" default="" level="level1" />
	<param type="spacer" default="" level="level1" />
	
	<param type="spacer" default="VMPAYMENT_PAYTM_RESTRICTIONS" level="level1" />
	     <!-- BY DEFAULT PAYTM currency= vendor currency -->
	<param name="payment_currency" type="vmacceptedcurrency" default="" label="VMPAYMENT_PAYTM_CURRENCY" description="VMPAYMENT_PAYTM_CURRENCY_DESC" />

	<param name="countries" type="vmcountries"  scope="com_virtuemart" default="" label="VMPAYMENT_PAYTM_COUNTRIES" description="VMPAYMENT_PAYTM_COUNTRIES_DESC"/>
	<param name="min_amount" type="text"  label="VMPAYMENT_PAYTM_MIN_AMOUNT" description="VMPAYMENT_PAYTM_MIN_AMOUNT_EXPLAIN" />
	<param name="max_amount" type="text"  label="VMPAYMENT_PAYTM_MAX_AMOUNT" description="VMPAYMENT_PAYTM_MAX_AMOUNT_EXPLAIN" />
	<param type="spacer" default="" level="level1" />
	<param type="spacer" default="VMPAYMENT_PAYTM_PAYMENT_PAGE" level="level1" />
	<param name="status_pending" type="vmorderstate" scope="com_virtuemart" default="P" label="VMPAYMENT_PAYTM_STATUS_PENDING" description="VMPAYMENT_PAYTM_STATUS_PENDING_EXPLAIN" />
	<param name="status_success" type="vmorderstate" scope="com_virtuemart" default="C" label="VMPAYMENT_PAYTM_STATUS_SUCCESS" description="VMPAYMENT_PAYTM_STATUS_SUCCESS_EXPLAIN" />
	<param name="status_canceled" type="vmorderstate" scope="com_virtuemart" default="X" label="VMPAYMENT_PAYTM_STATUS_FAILED" description="VMPAYMENT_PAYTM_STATUS_FAILED_EXPLAIN" />
	<param type="spacer" default="" level="level1" />


    </params>


</install>
