<?xml version="1.0" encoding="UTF-8" ?>
<extension version="1.5" type="plugin" group="vmpayment" >
  <name>VM - Payment, Paytm</name>
  <files>
		<filename plugin="paytm">paytm.php</filename>
		<filename plugin="paytm">encdec_paytm.php</filename>
		
	</files>
	
	<media folder="images" destination="../images/stories/virtuemart/payment">
	<filename>paytm.jpg</filename>
    </media>
	
    <languages>
	<language tag="en-GB">en-GB.plg_vmpayment_paytm.ini</language>
    </languages>
		<vmconfig>
			<fields name="params">
				<fieldset name="payment"  addfieldpath="/administrator/components/com_virtuemart/fields">
				<!--	<field type="vmjpluginwarning" /> -->
	        <field type="spacer" default="VMPAYMENT_PAYTM_PAYMENT_TITLE" level="level1" />
	        <field type="spacer" default="VMPAYMENT_PAYTM_PAYMENT_WARNING"   />	        
	        <field type="spacer" default="VMPAYMENT_PAYTM_PAYMENT_SETTINGS" level="level1" />
	        
	        <field	name="payment_logos" type="vmfiles" label="VMPAYMENT_PAYTM_LOGOS"
                     	description="VMPAYMENT_PAYTM_LOGOS_DESC"
                     	directory="/images/stories/virtuemart/payment"
                     	default="default" hide_default="1" hide_none="1"
                     	stripext="0"  exclude="^_" />
          
	        <field type="spacer" default="" level="level1" />
	        <field   type="spacer" default="VMPAYMENT_PAYTM_PARAMS" level="level1" />
	        <field type="text" name="merchant_id"  size="60" label="PAYTM Merchant Id"/>
	        <field type="text" name="secret_key"  size="60" label="PAYTM Secret Key"/>
	        <field type="text" name="industry_type"  size="60" label="PAYTM Industry Type"/>
	        <field type="text" name="website_name"  size="60" label="PAYTM Website Name"/>
	        <field type="text" name="channel_id"  size="60" label="PAYTM Channel Id"/>
	        <field type="text" name="transaction_url"  size="60" label="Transaction URL"/>
	        <field type="text" name="transaction_status_url"  size="60" label="Transaction Status URL"/>
	        <!-- <field name="mode" type="list" default="TEST" label="Mode">
	            <option value="0">TEST(Sandbox)</option>
	            <option value="1">LIVE</option>
	        </field> -->
			<field name="callbackflag" type="list" default="YES" label="CallBack URL">
	            <option value="0">NO</option>
	            <option value="1">YES</option>
	        </field>
	        <field name="log" type="radio" default="ON" label="Log params posting to Paytm">
	        	<option value="on">ON</option>
	        	<option value="off">OFF</option>
	        </field>
	        <field type="textarea" name="description" cols="5" rows="4"  label="Description"/>
          
	        <field type="spacer" default="" level="level1" />
	        <field type="spacer" default="" level="level1" />
	        
	        <field type="spacer" default="VMPAYMENT_PAYTM_RESTRICTIONS" level="level1" />
	             <!-- BY DEFAULT PAYTM currency= vendor currency -->
	        <field name="payment_currency" type="vmacceptedcurrency" default="" label="VMPAYMENT_PAYTM_CURRENCY" description="VMPAYMENT_PAYTM_CURRENCY_DESC" />
          
	        <field name="countries" type="vmcountries"  scope="com_virtuemart" default="" label="VMPAYMENT_PAYTM_COUNTRIES" description="VMPAYMENT_PAYTM_COUNTRIES_DESC"/>
	        <field name="min_amount" type="text"  label="VMPAYMENT_PAYTM_MIN_AMOUNT" description="VMPAYMENT_PAYTM_MIN_AMOUNT_EXPLAIN" />
	        <field name="max_amount" type="text"  label="VMPAYMENT_PAYTM_MAX_AMOUNT" description="VMPAYMENT_PAYTM_MAX_AMOUNT_EXPLAIN" />
	        <field type="spacer" default="" level="level1" />
	        <field type="spacer" default="VMPAYMENT_PAYTM_PAYMENT_PAGE" level="level1" />
	        <field name="status_pending" type="vmorderstate" scope="com_virtuemart" default="P" label="VMPAYMENT_PAYTM_STATUS_PENDING" description="VMPAYMENT_PAYTM_STATUS_PENDING_EXPLAIN" />
	        <field name="status_success" type="vmorderstate" scope="com_virtuemart" default="C" label="VMPAYMENT_PAYTM_STATUS_SUCCESS" description="VMPAYMENT_PAYTM_STATUS_SUCCESS_EXPLAIN" />
	        <field name="status_canceled" type="vmorderstate" scope="com_virtuemart" default="X" label="VMPAYMENT_PAYTM_STATUS_FAILED" description="VMPAYMENT_PAYTM_STATUS_FAILED_EXPLAIN" />
	        <field type="spacer" default="" level="level1" />
				</fieldset>
			</fields>
		</vmconfig>
    


</extension>
